-- --------------------------------------------------------
-- Servidor:                     127.0.0.1
-- Versão do servidor:           10.4.8-MariaDB - mariadb.org binary distribution
-- OS do Servidor:               Win64
-- HeidiSQL Versão:              10.2.0.5599
-- --------------------------------------------------------

/*!40101 SET @OLD_CHARACTER_SET_CLIENT=@@CHARACTER_SET_CLIENT */;
/*!40101 SET NAMES utf8 */;
/*!50503 SET NAMES utf8mb4 */;
/*!40014 SET @OLD_FOREIGN_KEY_CHECKS=@@FOREIGN_KEY_CHECKS, FOREIGN_KEY_CHECKS=0 */;
/*!40101 SET @OLD_SQL_MODE=@@SQL_MODE, SQL_MODE='NO_AUTO_VALUE_ON_ZERO' */;

-- Copiando estrutura para tabela authdb.oauth_access_token
CREATE TABLE IF NOT EXISTS `oauth_access_token` (
  `token_id` varchar(256) DEFAULT NULL,
  `token` mediumblob DEFAULT NULL,
  `authentication_id` varchar(256) NOT NULL,
  `user_name` varchar(256) DEFAULT NULL,
  `client_id` varchar(256) DEFAULT NULL,
  `authentication` mediumblob DEFAULT NULL,
  `refresh_token` varchar(256) DEFAULT NULL,
  PRIMARY KEY (`authentication_id`)
) ENGINE=InnoDB DEFAULT CHARSET=utf8;

-- Copiando dados para a tabela authdb.oauth_access_token: ~1 rows (aproximadamente)
/*!40000 ALTER TABLE `oauth_access_token` DISABLE KEYS */;
INSERT IGNORE INTO `oauth_access_token` (`token_id`, `token`, `authentication_id`, `user_name`, `client_id`, `authentication`, `refresh_token`) VALUES
	('a3359db5e3d9af6289f2880a43ae802f', _binary 0xACED0005737200436F72672E737072696E676672616D65776F726B2E73656375726974792E6F61757468322E636F6D6D6F6E2E44656661756C744F4175746832416363657373546F6B656E0CB29E361B24FACE0200064C00156164646974696F6E616C496E666F726D6174696F6E74000F4C6A6176612F7574696C2F4D61703B4C000A65787069726174696F6E7400104C6A6176612F7574696C2F446174653B4C000C72656672657368546F6B656E74003F4C6F72672F737072696E676672616D65776F726B2F73656375726974792F6F61757468322F636F6D6D6F6E2F4F417574683252656672657368546F6B656E3B4C000573636F706574000F4C6A6176612F7574696C2F5365743B4C0009746F6B656E547970657400124C6A6176612F6C616E672F537472696E673B4C000576616C756571007E000578707372001E6A6176612E7574696C2E436F6C6C656374696F6E7324456D7074794D6170593614855ADCE7D002000078707372000E6A6176612E7574696C2E44617465686A81014B597419030000787077080000016E80D7FB57787372004C6F72672E737072696E676672616D65776F726B2E73656375726974792E6F61757468322E636F6D6D6F6E2E44656661756C744578706972696E674F417574683252656672657368546F6B656E2FDF47639DD0C9B70200014C000A65787069726174696F6E71007E0002787200446F72672E737072696E676672616D65776F726B2E73656375726974792E6F61757468322E636F6D6D6F6E2E44656661756C744F417574683252656672657368546F6B656E73E10E0A6354D45E0200014C000576616C756571007E0005787074002461353930633736362D373837372D343138322D613938632D6561326564616464363739327371007E000977080000016E80C92D8D78737200256A6176612E7574696C2E436F6C6C656374696F6E7324556E6D6F6469666961626C65536574801D92D18F9B80550200007872002C6A6176612E7574696C2E436F6C6C656374696F6E7324556E6D6F6469666961626C65436F6C6C656374696F6E19420080CB5EF71E0200014C0001637400164C6A6176612F7574696C2F436F6C6C656374696F6E3B7870737200176A6176612E7574696C2E4C696E6B656448617368536574D86CD75A95DD2A1E020000787200116A6176612E7574696C2E48617368536574BA44859596B8B7340300007870770C000000103F400000000000027400045245414474000557524954457874000662656172657274002436376364383761342D386431302D343235352D626533632D643964613034383530313762, 'c644ffe8b38003674d70239e6e517c94', 'francis', 'mobile', _binary 0xACED0005737200416F72672E737072696E676672616D65776F726B2E73656375726974792E6F61757468322E70726F76696465722E4F417574683241757468656E7469636174696F6EBD400B02166252130200024C000D73746F7265645265717565737474003C4C6F72672F737072696E676672616D65776F726B2F73656375726974792F6F61757468322F70726F76696465722F4F4175746832526571756573743B4C00127573657241757468656E7469636174696F6E7400324C6F72672F737072696E676672616D65776F726B2F73656375726974792F636F72652F41757468656E7469636174696F6E3B787200476F72672E737072696E676672616D65776F726B2E73656375726974792E61757468656E7469636174696F6E2E416273747261637441757468656E7469636174696F6E546F6B656ED3AA287E6E47640E0200035A000D61757468656E746963617465644C000B617574686F7269746965737400164C6A6176612F7574696C2F436F6C6C656374696F6E3B4C000764657461696C737400124C6A6176612F6C616E672F4F626A6563743B787000737200266A6176612E7574696C2E436F6C6C656374696F6E7324556E6D6F6469666961626C654C697374FC0F2531B5EC8E100200014C00046C6973747400104C6A6176612F7574696C2F4C6973743B7872002C6A6176612E7574696C2E436F6C6C656374696F6E7324556E6D6F6469666961626C65436F6C6C656374696F6E19420080CB5EF71E0200014C00016371007E00047870737200136A6176612E7574696C2E41727261794C6973747881D21D99C7619D03000149000473697A65787000000006770400000006737200426F72672E737072696E676672616D65776F726B2E73656375726974792E636F72652E617574686F726974792E53696D706C654772616E746564417574686F7269747900000000000002080200014C0004726F6C657400124C6A6176612F6C616E672F537472696E673B787074000A524F4C455F61646D696E7371007E000D74000E6372656174655F70726F66696C657371007E000D74000C726561645F70726F66696C657371007E000D74000E7570646174655F70726F66696C657371007E000D74000E64656C6574655F70726F66696C657371007E000D74000D6372656174655F6576656E746F7871007E000C707372003A6F72672E737072696E676672616D65776F726B2E73656375726974792E6F61757468322E70726F76696465722E4F41757468325265717565737400000000000000010200075A0008617070726F7665644C000B617574686F72697469657371007E00044C000A657874656E73696F6E7374000F4C6A6176612F7574696C2F4D61703B4C000B726564697265637455726971007E000E4C00077265667265736874003B4C6F72672F737072696E676672616D65776F726B2F73656375726974792F6F61757468322F70726F76696465722F546F6B656E526571756573743B4C000B7265736F7572636549647374000F4C6A6176612F7574696C2F5365743B4C000D726573706F6E7365547970657371007E001E787200386F72672E737072696E676672616D65776F726B2E73656375726974792E6F61757468322E70726F76696465722E426173655265717565737436287A3EA37169BD0200034C0008636C69656E74496471007E000E4C001172657175657374506172616D657465727371007E001C4C000573636F706571007E001E78707400066D6F62696C65737200256A6176612E7574696C2E436F6C6C656374696F6E7324556E6D6F6469666961626C654D6170F1A5A8FE74F507420200014C00016D71007E001C7870737200116A6176612E7574696C2E486173684D61700507DAC1C31660D103000246000A6C6F6164466163746F724900097468726573686F6C6478703F400000000000037708000000040000000274000A6772616E745F7479706574000870617373776F7264740008757365726E616D657400076672616E63697378737200256A6176612E7574696C2E436F6C6C656374696F6E7324556E6D6F6469666961626C65536574801D92D18F9B80550200007871007E0009737200176A6176612E7574696C2E4C696E6B656448617368536574D86CD75A95DD2A1E020000787200116A6176612E7574696C2E48617368536574BA44859596B8B7340300007870770C000000103F4000000000000274000452454144740005575249544578017371007E002D770C000000103F40000000000000787371007E00243F40000000000000770800000010000000007870707371007E002D770C000000103F400000000000027400077061796D656E74740009696E76656E746F7279787371007E002D770C000000103F40000000000000787372004F6F72672E737072696E676672616D65776F726B2E73656375726974792E61757468656E7469636174696F6E2E557365726E616D6550617373776F726441757468656E7469636174696F6E546F6B656E00000000000002080200024C000B63726564656E7469616C7371007E00054C00097072696E636970616C71007E00057871007E0003017371007E00077371007E000B0000000677040000000671007E000F71007E001171007E001371007E001571007E001771007E00197871007E003A737200176A6176612E7574696C2E4C696E6B6564486173684D617034C04E5C106CC0FB0200015A000B6163636573734F726465727871007E00243F400000000000067708000000080000000271007E002671007E002771007E002871007E00297800707372003962722E636F6D2E62656E656672616E6369732E617574687365727665726D6172696164622E6D6F64656C2E417574685573657244657461696C00000000000000010200007872002F62722E636F6D2E62656E656672616E6369732E617574687365727665726D6172696164622E6D6F64656C2E5573657200000000000000010200095A00116163636F756E744E6F6E457870697265645A00106163636F756E744E6F6E4C6F636B65645A001563726564656E7469616C734E6F6E457870697265645A0007656E61626C65644C0005656D61696C71007E000E4C000269647400134C6A6176612F6C616E672F496E74656765723B4C000870617373776F726471007E000E4C0005726F6C657371007E00084C0008757365726E616D6571007E000E78700101010174001562656E656672616E63697340676D61696C2E636F6D707400447B6263727970747D2432612431302444585636446B375839764E72303254396A6146394D656F6E4B4A37447545386B6C63327035666A37697643534A7446674D7434422E7372002F6F72672E68696265726E6174652E636F6C6C656374696F6E2E696E7465726E616C2E50657273697374656E74426167FE57C5AFDA4FA6440200024C000362616771007E00084C001270726F7669646564436F6C6C656374696F6E71007E00047872003E6F72672E68696265726E6174652E636F6C6C656374696F6E2E696E7465726E616C2E416273747261637450657273697374656E74436F6C6C656374696F6E5718B75D8ABA735402000B5A001B616C6C6F774C6F61644F7574736964655472616E73616374696F6E49000A63616368656453697A655A000564697274795A000E656C656D656E7452656D6F7665645A000B696E697469616C697A65645A000D697354656D7053657373696F6E4C00036B65797400164C6A6176612F696F2F53657269616C697A61626C653B4C00056F776E657271007E00054C0004726F6C6571007E000E4C001273657373696F6E466163746F72795575696471007E000E4C000E73746F726564536E617073686F7471007E0045787000FFFFFFFF00000100737200116A6176612E6C616E672E496E746567657212E2A0A4F781873802000149000576616C7565787200106A6176612E6C616E672E4E756D62657286AC951D0B94E08B0200007870000000017371007E003E0101010171007E004171007E004971007E004271007E00467400076672616E63697374003562722E636F6D2E62656E656672616E6369732E617574687365727665726D6172696164622E6D6F64656C2E557365722E726F6C6573707371007E000B000000017704000000017372002F62722E636F6D2E62656E656672616E6369732E617574687365727665726D6172696164622E6D6F64656C2E526F6C6500000000000000010200034C0002696471007E003F4C00046E616D6571007E000E4C000B7065726D697373696F6E7371007E0008787071007E004971007E00107371007E004300FFFFFFFF0000010071007E004971007E004F74003B62722E636F6D2E62656E656672616E6369732E617574687365727665726D6172696164622E6D6F64656C2E526F6C652E7065726D697373696F6E73707371007E000B000000057704000000057372003562722E636F6D2E62656E656672616E6369732E617574687365727665726D6172696164622E6D6F64656C2E5065726D697373696F6E00000000000000010200024C0002696471007E003F4C00046E616D6571007E000E787071007E004971007E00127371007E00537371007E00470000000271007E00147371007E00537371007E00470000000371007E00167371007E00537371007E00470000000471007E00187371007E00537371007E00470000000571007E001A787371007E000B0000000577040000000571007E005471007E005571007E005771007E005971007E005B7870787371007E000B0000000177040000000171007E004F787071007E004B, 'df9e97fa66df8370d9ab8090f925fed9');
/*!40000 ALTER TABLE `oauth_access_token` ENABLE KEYS */;

-- Copiando estrutura para tabela authdb.oauth_approvals
CREATE TABLE IF NOT EXISTS `oauth_approvals` (
  `userId` varchar(256) DEFAULT NULL,
  `clientId` varchar(256) DEFAULT NULL,
  `scope` varchar(256) DEFAULT NULL,
  `status` varchar(10) DEFAULT NULL,
  `expiresAt` timestamp NOT NULL DEFAULT current_timestamp() ON UPDATE current_timestamp(),
  `lastModifiedAt` timestamp NOT NULL DEFAULT '0000-00-00 00:00:00'
) ENGINE=InnoDB DEFAULT CHARSET=utf8;

-- Copiando dados para a tabela authdb.oauth_approvals: ~0 rows (aproximadamente)
/*!40000 ALTER TABLE `oauth_approvals` DISABLE KEYS */;
/*!40000 ALTER TABLE `oauth_approvals` ENABLE KEYS */;

-- Copiando estrutura para tabela authdb.oauth_client_details
CREATE TABLE IF NOT EXISTS `oauth_client_details` (
  `client_id` varchar(255) NOT NULL,
  `client_secret` varchar(255) NOT NULL,
  `web_server_redirect_uri` varchar(2048) DEFAULT NULL,
  `scope` varchar(255) DEFAULT NULL,
  `access_token_validity` int(11) DEFAULT NULL,
  `refresh_token_validity` int(11) DEFAULT NULL,
  `resource_ids` varchar(1024) DEFAULT NULL,
  `authorized_grant_types` varchar(1024) DEFAULT NULL,
  `authorities` varchar(1024) DEFAULT NULL,
  `additional_information` varchar(4096) DEFAULT NULL,
  `autoapprove` varchar(255) DEFAULT NULL,
  PRIMARY KEY (`client_id`)
) ENGINE=InnoDB DEFAULT CHARSET=utf8;

-- Copiando dados para a tabela authdb.oauth_client_details: ~1 rows (aproximadamente)
/*!40000 ALTER TABLE `oauth_client_details` DISABLE KEYS */;
INSERT IGNORE INTO `oauth_client_details` (`client_id`, `client_secret`, `web_server_redirect_uri`, `scope`, `access_token_validity`, `refresh_token_validity`, `resource_ids`, `authorized_grant_types`, `authorities`, `additional_information`, `autoapprove`) VALUES
	('mobile', '{bcrypt}$2a$10$DXV6Dk7X9vNr02T9jaF9MeonKJ7DuE8klc2p5fj7ivCSJtFgMt4B.', 'http://localhost:8080/code', 'READ,WRITE', 3600, 10000, 'inventory,payment', 'authorization_code,password,refresh_token,implicit', NULL, '{}', NULL);
/*!40000 ALTER TABLE `oauth_client_details` ENABLE KEYS */;

-- Copiando estrutura para tabela authdb.oauth_client_token
CREATE TABLE IF NOT EXISTS `oauth_client_token` (
  `token_id` varchar(256) DEFAULT NULL,
  `token` mediumblob DEFAULT NULL,
  `authentication_id` varchar(256) NOT NULL,
  `user_name` varchar(256) DEFAULT NULL,
  `client_id` varchar(256) DEFAULT NULL,
  PRIMARY KEY (`authentication_id`)
) ENGINE=InnoDB DEFAULT CHARSET=utf8;

-- Copiando dados para a tabela authdb.oauth_client_token: ~0 rows (aproximadamente)
/*!40000 ALTER TABLE `oauth_client_token` DISABLE KEYS */;
/*!40000 ALTER TABLE `oauth_client_token` ENABLE KEYS */;

-- Copiando estrutura para tabela authdb.oauth_code
CREATE TABLE IF NOT EXISTS `oauth_code` (
  `code` varchar(256) DEFAULT NULL,
  `authentication` mediumblob DEFAULT NULL
) ENGINE=InnoDB DEFAULT CHARSET=utf8;

-- Copiando dados para a tabela authdb.oauth_code: ~0 rows (aproximadamente)
/*!40000 ALTER TABLE `oauth_code` DISABLE KEYS */;
/*!40000 ALTER TABLE `oauth_code` ENABLE KEYS */;

-- Copiando estrutura para tabela authdb.oauth_refresh_token
CREATE TABLE IF NOT EXISTS `oauth_refresh_token` (
  `token_id` varchar(256) DEFAULT NULL,
  `token` mediumblob DEFAULT NULL,
  `authentication` mediumblob DEFAULT NULL
) ENGINE=InnoDB DEFAULT CHARSET=utf8;

-- Copiando dados para a tabela authdb.oauth_refresh_token: ~1 rows (aproximadamente)
/*!40000 ALTER TABLE `oauth_refresh_token` DISABLE KEYS */;
INSERT IGNORE INTO `oauth_refresh_token` (`token_id`, `token`, `authentication`) VALUES
	('df9e97fa66df8370d9ab8090f925fed9', _binary 0xACED00057372004C6F72672E737072696E676672616D65776F726B2E73656375726974792E6F61757468322E636F6D6D6F6E2E44656661756C744578706972696E674F417574683252656672657368546F6B656E2FDF47639DD0C9B70200014C000A65787069726174696F6E7400104C6A6176612F7574696C2F446174653B787200446F72672E737072696E676672616D65776F726B2E73656375726974792E6F61757468322E636F6D6D6F6E2E44656661756C744F417574683252656672657368546F6B656E73E10E0A6354D45E0200014C000576616C75657400124C6A6176612F6C616E672F537472696E673B787074002461353930633736362D373837372D343138322D613938632D6561326564616464363739327372000E6A6176612E7574696C2E44617465686A81014B597419030000787077080000016E80C92D8D78, _binary 0xACED0005737200416F72672E737072696E676672616D65776F726B2E73656375726974792E6F61757468322E70726F76696465722E4F417574683241757468656E7469636174696F6EBD400B02166252130200024C000D73746F7265645265717565737474003C4C6F72672F737072696E676672616D65776F726B2F73656375726974792F6F61757468322F70726F76696465722F4F4175746832526571756573743B4C00127573657241757468656E7469636174696F6E7400324C6F72672F737072696E676672616D65776F726B2F73656375726974792F636F72652F41757468656E7469636174696F6E3B787200476F72672E737072696E676672616D65776F726B2E73656375726974792E61757468656E7469636174696F6E2E416273747261637441757468656E7469636174696F6E546F6B656ED3AA287E6E47640E0200035A000D61757468656E746963617465644C000B617574686F7269746965737400164C6A6176612F7574696C2F436F6C6C656374696F6E3B4C000764657461696C737400124C6A6176612F6C616E672F4F626A6563743B787000737200266A6176612E7574696C2E436F6C6C656374696F6E7324556E6D6F6469666961626C654C697374FC0F2531B5EC8E100200014C00046C6973747400104C6A6176612F7574696C2F4C6973743B7872002C6A6176612E7574696C2E436F6C6C656374696F6E7324556E6D6F6469666961626C65436F6C6C656374696F6E19420080CB5EF71E0200014C00016371007E00047870737200136A6176612E7574696C2E41727261794C6973747881D21D99C7619D03000149000473697A65787000000006770400000006737200426F72672E737072696E676672616D65776F726B2E73656375726974792E636F72652E617574686F726974792E53696D706C654772616E746564417574686F7269747900000000000002080200014C0004726F6C657400124C6A6176612F6C616E672F537472696E673B787074000A524F4C455F61646D696E7371007E000D74000E6372656174655F70726F66696C657371007E000D74000C726561645F70726F66696C657371007E000D74000E7570646174655F70726F66696C657371007E000D74000E64656C6574655F70726F66696C657371007E000D74000D6372656174655F6576656E746F7871007E000C707372003A6F72672E737072696E676672616D65776F726B2E73656375726974792E6F61757468322E70726F76696465722E4F41757468325265717565737400000000000000010200075A0008617070726F7665644C000B617574686F72697469657371007E00044C000A657874656E73696F6E7374000F4C6A6176612F7574696C2F4D61703B4C000B726564697265637455726971007E000E4C00077265667265736874003B4C6F72672F737072696E676672616D65776F726B2F73656375726974792F6F61757468322F70726F76696465722F546F6B656E526571756573743B4C000B7265736F7572636549647374000F4C6A6176612F7574696C2F5365743B4C000D726573706F6E7365547970657371007E001E787200386F72672E737072696E676672616D65776F726B2E73656375726974792E6F61757468322E70726F76696465722E426173655265717565737436287A3EA37169BD0200034C0008636C69656E74496471007E000E4C001172657175657374506172616D657465727371007E001C4C000573636F706571007E001E78707400066D6F62696C65737200256A6176612E7574696C2E436F6C6C656374696F6E7324556E6D6F6469666961626C654D6170F1A5A8FE74F507420200014C00016D71007E001C7870737200116A6176612E7574696C2E486173684D61700507DAC1C31660D103000246000A6C6F6164466163746F724900097468726573686F6C6478703F400000000000037708000000040000000274000A6772616E745F7479706574000870617373776F7264740008757365726E616D657400076672616E63697378737200256A6176612E7574696C2E436F6C6C656374696F6E7324556E6D6F6469666961626C65536574801D92D18F9B80550200007871007E0009737200176A6176612E7574696C2E4C696E6B656448617368536574D86CD75A95DD2A1E020000787200116A6176612E7574696C2E48617368536574BA44859596B8B7340300007870770C000000103F4000000000000274000452454144740005575249544578017371007E002D770C000000103F40000000000000787371007E00243F40000000000000770800000010000000007870707371007E002D770C000000103F400000000000027400077061796D656E74740009696E76656E746F7279787371007E002D770C000000103F40000000000000787372004F6F72672E737072696E676672616D65776F726B2E73656375726974792E61757468656E7469636174696F6E2E557365726E616D6550617373776F726441757468656E7469636174696F6E546F6B656E00000000000002080200024C000B63726564656E7469616C7371007E00054C00097072696E636970616C71007E00057871007E0003017371007E00077371007E000B0000000677040000000671007E000F71007E001171007E001371007E001571007E001771007E00197871007E003A737200176A6176612E7574696C2E4C696E6B6564486173684D617034C04E5C106CC0FB0200015A000B6163636573734F726465727871007E00243F400000000000067708000000080000000271007E002671007E002771007E002871007E00297800707372003962722E636F6D2E62656E656672616E6369732E617574687365727665726D6172696164622E6D6F64656C2E417574685573657244657461696C00000000000000010200007872002F62722E636F6D2E62656E656672616E6369732E617574687365727665726D6172696164622E6D6F64656C2E5573657200000000000000010200095A00116163636F756E744E6F6E457870697265645A00106163636F756E744E6F6E4C6F636B65645A001563726564656E7469616C734E6F6E457870697265645A0007656E61626C65644C0005656D61696C71007E000E4C000269647400134C6A6176612F6C616E672F496E74656765723B4C000870617373776F726471007E000E4C0005726F6C657371007E00084C0008757365726E616D6571007E000E78700101010174001562656E656672616E63697340676D61696C2E636F6D707400447B6263727970747D2432612431302444585636446B375839764E72303254396A6146394D656F6E4B4A37447545386B6C63327035666A37697643534A7446674D7434422E7372002F6F72672E68696265726E6174652E636F6C6C656374696F6E2E696E7465726E616C2E50657273697374656E74426167FE57C5AFDA4FA6440200024C000362616771007E00084C001270726F7669646564436F6C6C656374696F6E71007E00047872003E6F72672E68696265726E6174652E636F6C6C656374696F6E2E696E7465726E616C2E416273747261637450657273697374656E74436F6C6C656374696F6E5718B75D8ABA735402000B5A001B616C6C6F774C6F61644F7574736964655472616E73616374696F6E49000A63616368656453697A655A000564697274795A000E656C656D656E7452656D6F7665645A000B696E697469616C697A65645A000D697354656D7053657373696F6E4C00036B65797400164C6A6176612F696F2F53657269616C697A61626C653B4C00056F776E657271007E00054C0004726F6C6571007E000E4C001273657373696F6E466163746F72795575696471007E000E4C000E73746F726564536E617073686F7471007E0045787000FFFFFFFF00000100737200116A6176612E6C616E672E496E746567657212E2A0A4F781873802000149000576616C7565787200106A6176612E6C616E672E4E756D62657286AC951D0B94E08B0200007870000000017371007E003E0101010171007E004171007E004971007E004271007E00467400076672616E63697374003562722E636F6D2E62656E656672616E6369732E617574687365727665726D6172696164622E6D6F64656C2E557365722E726F6C6573707371007E000B000000017704000000017372002F62722E636F6D2E62656E656672616E6369732E617574687365727665726D6172696164622E6D6F64656C2E526F6C6500000000000000010200034C0002696471007E003F4C00046E616D6571007E000E4C000B7065726D697373696F6E7371007E0008787071007E004971007E00107371007E004300FFFFFFFF0000010071007E004971007E004F74003B62722E636F6D2E62656E656672616E6369732E617574687365727665726D6172696164622E6D6F64656C2E526F6C652E7065726D697373696F6E73707371007E000B000000057704000000057372003562722E636F6D2E62656E656672616E6369732E617574687365727665726D6172696164622E6D6F64656C2E5065726D697373696F6E00000000000000010200024C0002696471007E003F4C00046E616D6571007E000E787071007E004971007E00127371007E00537371007E00470000000271007E00147371007E00537371007E00470000000371007E00167371007E00537371007E00470000000471007E00187371007E00537371007E00470000000571007E001A787371007E000B0000000577040000000571007E005471007E005571007E005771007E005971007E005B7870787371007E000B0000000177040000000171007E004F787071007E004B);
/*!40000 ALTER TABLE `oauth_refresh_token` ENABLE KEYS */;

-- Copiando estrutura para tabela authdb.permission
CREATE TABLE IF NOT EXISTS `permission` (
  `id` int(11) NOT NULL AUTO_INCREMENT,
  `name` varchar(512) DEFAULT NULL,
  PRIMARY KEY (`id`),
  UNIQUE KEY `name` (`name`)
) ENGINE=InnoDB AUTO_INCREMENT=6 DEFAULT CHARSET=utf8;

-- Copiando dados para a tabela authdb.permission: ~4 rows (aproximadamente)
/*!40000 ALTER TABLE `permission` DISABLE KEYS */;
INSERT IGNORE INTO `permission` (`id`, `name`) VALUES
	(5, 'create_evento'),
	(1, 'create_profile'),
	(4, 'delete_profile'),
	(2, 'read_profile'),
	(3, 'update_profile');
/*!40000 ALTER TABLE `permission` ENABLE KEYS */;

-- Copiando estrutura para tabela authdb.permission_role
CREATE TABLE IF NOT EXISTS `permission_role` (
  `permission_id` int(11) DEFAULT NULL,
  `role_id` int(11) DEFAULT NULL,
  KEY `permission_id` (`permission_id`),
  KEY `role_id` (`role_id`),
  CONSTRAINT `permission_role_ibfk_1` FOREIGN KEY (`permission_id`) REFERENCES `permission` (`id`),
  CONSTRAINT `permission_role_ibfk_2` FOREIGN KEY (`role_id`) REFERENCES `role` (`id`)
) ENGINE=InnoDB DEFAULT CHARSET=utf8;

-- Copiando dados para a tabela authdb.permission_role: ~6 rows (aproximadamente)
/*!40000 ALTER TABLE `permission_role` DISABLE KEYS */;
INSERT IGNORE INTO `permission_role` (`permission_id`, `role_id`) VALUES
	(1, 1),
	(2, 1),
	(3, 1),
	(4, 1),
	(2, 2),
	(3, 2),
	(5, 1);
/*!40000 ALTER TABLE `permission_role` ENABLE KEYS */;

-- Copiando estrutura para tabela authdb.role
CREATE TABLE IF NOT EXISTS `role` (
  `id` int(11) NOT NULL AUTO_INCREMENT,
  `name` varchar(255) DEFAULT NULL,
  PRIMARY KEY (`id`),
  UNIQUE KEY `name` (`name`)
) ENGINE=InnoDB AUTO_INCREMENT=3 DEFAULT CHARSET=utf8;

-- Copiando dados para a tabela authdb.role: ~2 rows (aproximadamente)
/*!40000 ALTER TABLE `role` DISABLE KEYS */;
INSERT IGNORE INTO `role` (`id`, `name`) VALUES
	(1, 'ROLE_admin'),
	(2, 'ROLE_operator');
/*!40000 ALTER TABLE `role` ENABLE KEYS */;

-- Copiando estrutura para tabela authdb.role_user
CREATE TABLE IF NOT EXISTS `role_user` (
  `role_id` int(11) DEFAULT NULL,
  `user_id` int(11) DEFAULT NULL,
  KEY `role_id` (`role_id`),
  KEY `user_id` (`user_id`),
  CONSTRAINT `role_user_ibfk_1` FOREIGN KEY (`role_id`) REFERENCES `role` (`id`),
  CONSTRAINT `role_user_ibfk_2` FOREIGN KEY (`user_id`) REFERENCES `user` (`id`)
) ENGINE=InnoDB DEFAULT CHARSET=utf8;

-- Copiando dados para a tabela authdb.role_user: ~1 rows (aproximadamente)
/*!40000 ALTER TABLE `role_user` DISABLE KEYS */;
INSERT IGNORE INTO `role_user` (`role_id`, `user_id`) VALUES
	(1, 1);
/*!40000 ALTER TABLE `role_user` ENABLE KEYS */;

-- Copiando estrutura para tabela authdb.user
CREATE TABLE IF NOT EXISTS `user` (
  `id` int(11) NOT NULL AUTO_INCREMENT,
  `username` varchar(100) NOT NULL,
  `password` varchar(1024) NOT NULL,
  `email` varchar(1024) NOT NULL,
  `enabled` tinyint(4) NOT NULL,
  `accountNonExpired` tinyint(4) NOT NULL,
  `credentialsNonExpired` tinyint(4) NOT NULL,
  `accountNonLocked` tinyint(4) NOT NULL,
  PRIMARY KEY (`id`),
  UNIQUE KEY `username` (`username`)
) ENGINE=InnoDB AUTO_INCREMENT=2 DEFAULT CHARSET=utf8;

-- Copiando dados para a tabela authdb.user: ~1 rows (aproximadamente)
/*!40000 ALTER TABLE `user` DISABLE KEYS */;
INSERT IGNORE INTO `user` (`id`, `username`, `password`, `email`, `enabled`, `accountNonExpired`, `credentialsNonExpired`, `accountNonLocked`) VALUES
	(1, 'francis', '{bcrypt}$2a$10$DXV6Dk7X9vNr02T9jaF9MeonKJ7DuE8klc2p5fj7ivCSJtFgMt4B.', 'benefrancis@gmail.com', 1, 1, 1, 1);
/*!40000 ALTER TABLE `user` ENABLE KEYS */;

/*!40101 SET SQL_MODE=IFNULL(@OLD_SQL_MODE, '') */;
/*!40014 SET FOREIGN_KEY_CHECKS=IF(@OLD_FOREIGN_KEY_CHECKS IS NULL, 1, @OLD_FOREIGN_KEY_CHECKS) */;
/*!40101 SET CHARACTER_SET_CLIENT=@OLD_CHARACTER_SET_CLIENT */;
